-- phpMyAdmin SQL Dump
-- version 4.7.9
-- https://www.phpmyadmin.net/
--
-- Hôte : 127.0.0.1:3306
-- Généré le :  Dim 24 mars 2019 à 17:17
-- Version du serveur :  5.7.21
-- Version de PHP :  5.6.35

SET SQL_MODE = "NO_AUTO_VALUE_ON_ZERO";
SET AUTOCOMMIT = 0;
START TRANSACTION;
SET time_zone = "+00:00";


/*!40101 SET @OLD_CHARACTER_SET_CLIENT=@@CHARACTER_SET_CLIENT */;
/*!40101 SET @OLD_CHARACTER_SET_RESULTS=@@CHARACTER_SET_RESULTS */;
/*!40101 SET @OLD_COLLATION_CONNECTION=@@COLLATION_CONNECTION */;
/*!40101 SET NAMES utf8mb4 */;

--
-- Base de données :  `db_forteroche`
--

-- --------------------------------------------------------

--
-- Structure de la table `comments`
--

DROP TABLE IF EXISTS `comments`;
CREATE TABLE IF NOT EXISTS `comments` (
  `comment_id` int(11) NOT NULL AUTO_INCREMENT,
  `post_id` int(11) NOT NULL,
  `author` varchar(255) NOT NULL,
  `comment` text NOT NULL,
  `comment_date` datetime NOT NULL,
  `reporting` int(11) NOT NULL,
  PRIMARY KEY (`comment_id`)
) ENGINE=InnoDB AUTO_INCREMENT=38 DEFAULT CHARSET=utf8;

--
-- Déchargement des données de la table `comments`
--

INSERT INTO `comments` (`comment_id`, `post_id`, `author`, `comment`, `comment_date`, `reporting`) VALUES
(24, 1, 'Matthieu', 'Bravo !', '2019-03-20 18:55:32', 0),
(25, 1, 'Sam', 'Quel talent !', '2019-03-20 18:55:51', 0),
(26, 2, 'Ben', 'J\'adore ce que vous faites !', '2019-03-20 18:56:44', 0),
(28, 2, 'Hack', '<h1>Hello world</h1>', '2019-03-20 18:58:59', 1),
(29, 3, 'Sam', 'Génial !', '2019-03-20 18:59:41', 0),
(30, 3, 'Julia', 'J\'aime beaucoup votre style. Ce récit est vraiment noir mais aussi plein d\'humour, c\'est plaisant à lire !', '2019-03-20 19:06:14', 0),
(31, 4, 'Jojo', 'Vivement la suite !', '2019-03-20 19:06:36', 0),
(32, 4, 'Adèle', 'Waou...', '2019-03-20 19:06:56', 0),
(33, 1, 'Facho', 'Si c\'était un livre, au moins on pourrait le brûler...', '2019-03-20 19:07:46', 1),
(34, 2, 'Glad', 'Très beau site !! Un peu comme celui-ci : http://cyclic.normandie-web-creation.fr', '2019-03-20 19:09:21', 0),
(35, 3, 'Didier', 'Super', '2019-03-20 19:09:41', 0);

-- --------------------------------------------------------

--
-- Structure de la table `posts`
--

DROP TABLE IF EXISTS `posts`;
CREATE TABLE IF NOT EXISTS `posts` (
  `post_id` int(11) NOT NULL AUTO_INCREMENT,
  `title` varchar(255) NOT NULL,
  `content` text NOT NULL,
  `creation_date` datetime NOT NULL,
  `update_date` datetime DEFAULT NULL,
  PRIMARY KEY (`post_id`)
) ENGINE=InnoDB AUTO_INCREMENT=6 DEFAULT CHARSET=utf8;

--
-- Déchargement des données de la table `posts`
--

INSERT INTO `posts` (`post_id`, `title`, `content`, `creation_date`, `update_date`) VALUES
(1, 'CHAPITRE 1', '<p style=\"text-align: justify;\">Je revenais derni&egrave;rement de visiter Saint-Louis, lorsqu&rsquo;&agrave; la bifurcation de Terre-Haute (territoire d&rsquo;Indiana), un homme de quarante &agrave; cinquante ans, &agrave; la physionomie sympathique, aux mani&egrave;res affables, monta dans mon compartiment et s&rsquo;assit pr&egrave;s de moi&nbsp;; nous caus&acirc;mes assez longtemps pour me permettre d&rsquo;appr&eacute;cier son intelligence et le charme de sa conversation. Lorsqu&rsquo;au cours de notre entretien, il apprit que j&rsquo;&eacute;tais de Washington, il se h&acirc;ta de me demander des &laquo;&nbsp;tuyaux&nbsp;&raquo; sur les hommes politiques, sur les affaires gouvernementales&nbsp;; je m&rsquo;aper&ccedil;us d&rsquo;ailleurs tr&egrave;s vite qu&rsquo;il &eacute;tait au courant de tous les d&eacute;tails, de tous les dessous politiques, et qu&rsquo;il en savait tr&egrave;s long sur les faits et gestes des s&eacute;nateurs et des repr&eacute;sentants des Chambres aux Assembl&eacute;es l&eacute;gislatives. &Agrave; une des stations suivantes deux hommes s&rsquo;arr&ecirc;t&egrave;rent pr&egrave;s de nous et l&rsquo;un d&rsquo;eux dit &agrave; l&rsquo;autre&nbsp;:<br /><br />&laquo;&nbsp;Harris, si vous faites cela pour moi, je ne l&rsquo;oublierai de ma vie.&nbsp;&raquo;<br /><br />Les yeux de mon nouveau compagnon de voyage brill&egrave;rent d&rsquo;un singulier &eacute;clat&nbsp;; &agrave; n&rsquo;en pas douter, ces simples mots venaient d&rsquo;&eacute;voquer chez lui quelque vieux souvenir. Ensuite son visage redevint calme, presque pensif. Il se tourna vers moi et me dit&nbsp;:<br /><br />&laquo;&nbsp;Laissez-moi vous conter une histoire, vous d&eacute;voiler un chapitre secret de ma vie, une page que j&rsquo;avais enterr&eacute;e au fin fond de moi-m&ecirc;me. &Eacute;coutez-moi patiemment, et ne m&rsquo;interrompez pas.&nbsp;&raquo;<br /><br />Je promis de l&rsquo;&eacute;couter&nbsp;; il me raconta l&rsquo;aventure suivante, avec des alternatives d&rsquo;animation et de m&eacute;lancolie, mais toujours avec beaucoup de persuasion et un grand s&eacute;rieux.<br /><br />R&eacute;cit de cet &eacute;tranger&nbsp;:<br /><br />&laquo;&nbsp;Le 19 d&eacute;cembre 1853, je quittai Saint-Louis par le train du soir qui va &agrave; Chicago. Tous compris, nous n&rsquo;&eacute;tions que vingt-quatre voyageurs hommes&nbsp;; ni femmes ni enfants&nbsp;; nous f&icirc;mes vite connaissance et comme nous paraissions tous de bonne humeur, une certaine intimit&eacute; ne tarda pas &agrave; s&rsquo;&eacute;tablir entre nous.<br /><br />Le voyage s&rsquo;annon&ccedil;ait bien&nbsp;; et pas un d&rsquo;entre nous ne pouvait pressentir les horribles instants que nous devions bient&ocirc;t traverser.<br /><br />&Agrave; 11 heures, il neigeait ferme. Peu apr&egrave;s avoir quitt&eacute; le village de Welden, nous entr&acirc;mes dans les interminables prairies d&eacute;sertes qui s&rsquo;&eacute;tendent horriblement monotones pendant des lieues et des lieues&nbsp;; le vent soufflait avec violence, car il ne rencontrait aucun obstacle sur sa route, ni arbres, ni collines, ni m&ecirc;me un rocher isol&eacute;&nbsp;; il chassait devant lui la neige qui tombait en rafales et formait sous nos yeux un tapis &eacute;pais. Elle tombait dru, cette neige, et le ralentissement du train nous indiquait assez que la locomotive avait peine &agrave; lutter contre la r&eacute;sistance croissante des &eacute;l&eacute;ments. Le train stoppa plusieurs fois et nous v&icirc;mes au-dessus de nos t&ecirc;tes un double rempart de neige aveuglant de blancheur, triste comme un mur de prison.<br /><br />Les conversations cess&egrave;rent&nbsp;; la gaiet&eacute; fit place &agrave; l&rsquo;angoisse&nbsp;; la perspective d&rsquo;&ecirc;tre mur&eacute;s par la neige au milieu de la prairie d&eacute;serte, &agrave; cinquante lieues de toute habitation, se dressait comme un spectre devant chacun de nous et jetait une note de tristesse sur notre bande tout &agrave; l&rsquo;heure si joyeuse.<br /><br />&Agrave; deux heures du matin, je fus tir&eacute; de mon sommeil agit&eacute; par un arr&ecirc;t brusque. L&rsquo;horrible v&eacute;rit&eacute; m&rsquo;apparut dans toute sa nudit&eacute; hideuse&nbsp;: nous &eacute;tions bloqu&eacute;s par la neige. &laquo;&nbsp;Tous les bras &agrave; la rescousse&nbsp;!&nbsp;&raquo; On se h&acirc;ta d&rsquo;ob&eacute;ir. Chacun redoubla d&rsquo;efforts sous la nuit noire et la tourmente de neige, parfaitement convaincu qu&rsquo;une minute perdue pouvait causer notre mort &agrave; tous. Pelles, planches, mains, tout ce qui pouvait d&eacute;placer la neige fut r&eacute;quisitionn&eacute; en un instant.<br /><br />Quel &eacute;trange spectacle de voir ces hommes lutter contre les neiges amoncel&eacute;es, et travailler d&rsquo;arrache-pied, les uns plong&eacute;s dans une obscurit&eacute; profonde, les autres &eacute;clair&eacute;s par la lueur rouge&acirc;tre du r&eacute;flecteur de la machine&nbsp;!<br /><br />Au bout d&rsquo;une heure, nous &eacute;tions fix&eacute;s sur l&rsquo;inutilit&eacute; compl&egrave;te de nos efforts&nbsp;; car la temp&ecirc;te remplissait en rafales les tranch&eacute;es que nous avions pratiqu&eacute;es. Pour comble de malheur, on d&eacute;couvrit que les bielles de la locomotive s&rsquo;&eacute;taient bris&eacute;es sous la r&eacute;sistance du poids &agrave; d&eacute;placer. La route, e&ucirc;t-elle &eacute;t&eacute; libre, devenait impraticable pour nous&nbsp;!!<br /><br />Nous remont&acirc;mes dans le train, fatigu&eacute;s, mornes et d&eacute;courag&eacute;s ; nous nous r&eacute;un&icirc;mes autour des po&ecirc;les pour examiner l&rsquo;&eacute;tat de notre situation. Nous n&rsquo;avions pas de provisions de bouche ; c&rsquo;&eacute;tait l&agrave; le plus clair de notre d&eacute;sastre ! Largement approvisionn&eacute;s de bois, nous ne risquions pas de mourir de froid. C&rsquo;&eacute;tait d&eacute;j&agrave; une consolation.</p>', '2019-03-20 22:56:05', NULL),
(2, 'CHAPITRE 2', '<p style=\"text-align: justify;\">Apr&egrave;s une longue d&eacute;lib&eacute;ration, nous reconn&ucirc;mes que le conducteur du train disait vrai&nbsp;: en effet quiconque se serait risqu&eacute; &agrave; parcourir &agrave; pied les cinquante lieues qui nous s&eacute;paraient du village le plus rapproch&eacute; aurait certainement trouv&eacute; la mort. Impossible de demander du secours, et l&rsquo;eussions-nous demand&eacute;, personne ne serait venu &agrave; nous. Il nous fallait donc nous r&eacute;signer et attendre patiemment du secours ou la mort par la faim&nbsp;; je puis certifier que cette triste perspective suffisait &agrave; &eacute;branler le c&oelig;ur le plus sto&iuml;que.<br /><br />Notre conversation, pourtant bruyante, produisait l&rsquo;illusion d&rsquo;un murmure vague, qu&rsquo;on distinguait &agrave; peine au milieu des rafales de vent&nbsp;; la clart&eacute; des lampes diminua peu &agrave; peu, et la plus grande partie des &laquo;&nbsp;naufrag&eacute;s&nbsp;&raquo; se turent, les uns pour r&eacute;fl&eacute;chir, les autres pour chercher dans le sommeil l&rsquo;oubli de leur situation tragique.<br /><br />&laquo;&nbsp;Cette nuit nous parut &eacute;ternelle&nbsp;; l&rsquo;aurore glac&eacute;e et grise commen&ccedil;a &agrave; poindre &agrave; l&rsquo;est&nbsp;; &agrave; mesure que le jour grandissait, les voyageurs se r&eacute;veill&egrave;rent et se donn&egrave;rent du mouvement pour essayer de se r&eacute;chauffer&nbsp;; l&rsquo;un apr&egrave;s l&rsquo;autre, ils &eacute;tir&egrave;rent leurs membres raidis par le sommeil, et regard&egrave;rent par les fen&ecirc;tres le spectacle horrible qui s&rsquo;offrait &agrave; leurs yeux. Horrible&nbsp;! il l&rsquo;&eacute;tait en effet, ce spectacle. Pas une habitation&nbsp;! Pas un atome vivant autour de nous&nbsp;! Partout le d&eacute;sert, blanc comme un linceul&nbsp;; la neige, fouett&eacute;e en tous sens par le vent, tourbillonnait en flocons dans l&rsquo;espace.<br /><br />Nous err&acirc;mes toute la journ&eacute;e dans les wagons, parlant peu, absorb&eacute;s dans nos pens&eacute;es&nbsp;; puis vint une seconde nuit, longue, monotone, pendant laquelle la faim commen&ccedil;a &agrave; se faire sentir.<br /><br />Le jour reparut&nbsp;; silencieux et triste, nous faisions le guet, attendant un secours qui ne pouvait pas venir&nbsp;; une autre nuit lui succ&eacute;da, agit&eacute;e de r&ecirc;ves fantastiques pendant lesquels des festins somptueux et les f&ecirc;tes bacchiques d&eacute;filaient sous nos yeux&nbsp;! Le r&eacute;veil n&rsquo;en fut que plus p&eacute;nible&nbsp;! Le quatri&egrave;me et le cinqui&egrave;me jour parurent&nbsp;! Cinq jours de v&eacute;ritable captivit&eacute;&nbsp;! La faim se lisait sur tous les visages d&eacute;prim&eacute;s qui accusaient l&rsquo;obsession d&rsquo;une m&ecirc;me id&eacute;e fixe, d&rsquo;une pens&eacute;e &agrave; laquelle nul n&rsquo;osait ni ne voulait s&rsquo;arr&ecirc;ter. Le sixi&egrave;me jour s&rsquo;&eacute;coula, et le septi&egrave;me se leva sur notre petite troupe haletante, terrifi&eacute;e &agrave; l&rsquo;id&eacute;e de la mort qui nous guettait. Il fallait pourtant en finir et parler. Les l&egrave;vres de chacun &eacute;taient pr&ecirc;tes &agrave; s&rsquo;entr&rsquo;ouvrir pour exprimer les sombres pens&eacute;es qui venaient de germer dans nos cerveaux. La nature, trop longtemps comprim&eacute;e, demandait sa revanche et faisait entendre un appel imp&eacute;rieux&nbsp;!<br /><br />Richard H. Gaston, de Minnesota, grand, d&rsquo;une p&acirc;leur de spectre, se leva. Nous savions ce qui allait sortir de sa bouche&nbsp;; un grand calme, une attention recueillie avaient remplac&eacute; l&rsquo;&eacute;motion, l&rsquo;excitation factice des jours pr&eacute;c&eacute;dents.<br /><br />&mdash; Messieurs, il est impossible d&rsquo;attendre davantage&nbsp;! L&rsquo;heure a sonn&eacute;. Il nous faut d&eacute;cider lequel d&rsquo;entre nous mourra pour servir de nourriture aux autres.<br /><br />M. John J. Villiams, de l&rsquo;Illinois, se leva &agrave; son tour&nbsp;: &mdash; Messieurs, dit-il, je propose pour le sacrifice le R&eacute;v&eacute;rend James Sawyer de Tennessee.<br /><br />&mdash; Je propose M. Daniel Hote de New-York, r&eacute;pondit M. W. R. Adams, d&rsquo;Indiana.<br /><br />M. Charles Langdon&nbsp;: &mdash; Que diriez-vous de M. Samuel Bowen de Saint-Louis&nbsp;?<br /><br />&mdash; Messieurs, interrompit M. Hote, j&rsquo;opine plut&ocirc;t en faveur du jeune John A. Van Nostrand, de New-Jersey.<br /><br />H. Gaston&nbsp;: &mdash; S&rsquo;il n&rsquo;y a pas d&rsquo;objection, on acc&eacute;dera au d&eacute;sir de M. Hote.<br /><br />M. Van Nostrand ayant protest&eacute;, la proposition de M. Hote fut repouss&eacute;e, celles de MM. Sawyer et Bowen ne furent pas accept&eacute;es davantage.<br /><br />M. A.-L. Bascom, de l&rsquo;Ohio, se leva&nbsp;: &mdash; Je suis d&rsquo;avis de clore la liste des candidatures et de laisser l&rsquo;Assembl&eacute;e proc&eacute;der aux &eacute;lections par vote.<br /><br />M. Sawyer&nbsp;: &mdash; Messieurs, je proteste &eacute;nergiquement contre ces proc&eacute;d&eacute;s irr&eacute;guliers et inacceptables. Je propose d&rsquo;y renoncer imm&eacute;diatement, et de choisir un pr&eacute;sident &agrave; l&rsquo;Assembl&eacute;e&nbsp;; nous pourrons ensuite poursuivre notre &oelig;uvre sans violer les principes immuables de l&rsquo;&eacute;quit&eacute;.<br /><br />M. Bell, de Iowa&nbsp;: &mdash; Messieurs, je proteste. Ce n&rsquo;est pas le moment de s&rsquo;arr&ecirc;ter &agrave; des formalit&eacute;s absurdes. Voil&agrave; huit jours que nous ne mangeons pas&nbsp;; et chaque minute perdue en discussions vaines rend notre situation plus critique. Les propositions pr&eacute;c&eacute;dentes me satisfont enti&egrave;rement (ces messieurs en pensent autant, je crois)&nbsp;; pour ma part, je ne vois donc pas pourquoi nous ne nous arr&ecirc;terions pas &agrave; l&rsquo;une d&rsquo;elles, il faut en finir au plus vite.<br /><br />M. Gaston&nbsp;: &mdash; De toutes fa&ccedil;ons, l&rsquo;&eacute;lection nous demanderait au moins vingt-quatre heures, et c&rsquo;est justement ce retard que nous voulons &eacute;viter. Le citoyen de New-Jersey&hellip;<br /><br />M. Van Nostrand&nbsp;: &mdash; Messieurs, je suis un &eacute;tranger parmi vous&nbsp;; je n&rsquo;ai donc aucun droit &agrave; l&rsquo;honneur que vous me faites, et j&rsquo;&eacute;prouve une certaine g&ecirc;ne &agrave;&hellip;<br /><br />M. Morgan d&rsquo;Alabama, l&rsquo;interrompant : &mdash; Je demande que la question soit soumise au vote g&eacute;n&eacute;ral. Ainsi fut fait, et le d&eacute;bat prit fin, bien entendu. Un conseil fut constitu&eacute;, M. Gaston nomm&eacute; pr&eacute;sident, M. Blake secr&eacute;taire, MM. Holcomb, Baldwin et Dyer firent partie de &laquo; la Commission des candidatures &raquo; ; M. R.-M. Howland, en sa qualit&eacute; de pourvoyeur, aida la Commission &agrave; faire son choix.</p>', '2019-03-20 23:50:40', '2019-03-20 23:53:06'),
(3, 'CHAPITRE 3', '<p style=\"text-align: justify;\">La Commission s&rsquo;accorda un repos d&rsquo;une demi-heure avant de proc&eacute;der &agrave; ses grands travaux. L&rsquo;Assembl&eacute;e se r&eacute;unit, et le comit&eacute; porta son choix sur quelques candidats&nbsp;: MM. George Ferguson, de Kentucky, Lucien Herrman, de la Louisiane, et W. Messick, du Colorado. Ce choix fut ratifi&eacute;.<br /><br />M. Rogers, de Missouri, se leva&nbsp;: &mdash; Monsieur le Pr&eacute;sident, les d&eacute;cisions ayant &eacute;t&eacute; prises maintenant selon les r&egrave;gles, je propose l&rsquo;amendement suivant, en vue de substituer au nom de M. Herrman celui de M. Lucius Harris, de Saint-Louis, qui est honorablement connu de tous ici. Je ne voudrais en quoi que ce soit amoindrir les grandes qualit&eacute;s de ce citoyen de la Louisiane, loin de l&agrave;. J&rsquo;ai pour lui toute l&rsquo;estime et la consid&eacute;ration que m&eacute;ritent ses vertus. Mais il ne peut &eacute;chapper &agrave; personne d&rsquo;entre nous que ce candidat a maigri &eacute;tonnamment depuis le d&eacute;but de notre s&eacute;jour ici. Cette consid&eacute;ration me porte &agrave; affirmer que le comit&eacute; s&rsquo;est fourvoy&eacute; en proposant &agrave; nos suffrages un candidat dont la valeur morale est incontestable, mais dont les qualit&eacute;s nutritives sont&hellip;<br /><br />Le Pr&eacute;sident&nbsp;: &mdash; Le citoyen du Missouri est pri&eacute; de s&rsquo;asseoir&nbsp;; le Pr&eacute;sident ne peut admettre que les d&eacute;cisions du comit&eacute; soient critiqu&eacute;es sans suivre la voie r&eacute;guli&egrave;re. Quel accueil fera l&rsquo;Assembl&eacute;e &agrave; la proposition de ce citoyen&nbsp;?<br /><br />M. Halliday, de Virginie&nbsp;: &mdash; Je propose un second amendement visant la substitution de M. Harvey Davis, de l&rsquo;Or&eacute;gon, &agrave; M. Messick. Vous estimerez sans doute avec moi que les labeurs et les privations de la vie de fronti&egrave;re ont d&ucirc; rendre M. Davis quelque peu coriace&nbsp;; mais, Messieurs, pouvons-nous, &agrave; un moment aussi tragique, ergoter sur la qualit&eacute; de la chair humaine&nbsp;? Pouvons-nous discuter sur des pointes d&rsquo;aiguilles&nbsp;? Avons-nous le droit de nous arr&ecirc;ter &agrave; des consid&eacute;rations sans importance&nbsp;? Non, Messieurs&nbsp;; la corpulence, voil&agrave; tout ce que nous demandons&nbsp;; l&rsquo;embonpoint, le poids sont &agrave; nos yeux les principales qualit&eacute;s requises&nbsp;: le talent, le g&eacute;nie, la bonne &eacute;ducation, tout cela nous est indiff&eacute;rent. J&rsquo;attire votre attention sur le sens de mon amendement.<br /><br />M. Morgan (tr&egrave;s agit&eacute;)&nbsp;: &mdash; Monsieur le Pr&eacute;sident, en principe, je suis pour ma part absolument oppos&eacute; &agrave; cet amendement. Le citoyen de l&rsquo;Or&eacute;gon est vieux&nbsp;; de plus, il est fortement charpent&eacute;, et tr&egrave;s peu dodu. Que ces Messieurs me disent s&rsquo;ils pr&eacute;f&egrave;rent le pot-au-feu &agrave; une alimentation substantielle&nbsp;? Et s&rsquo;ils se contenteraient de &laquo;&nbsp;ce spectre de l&rsquo;Or&eacute;gon&nbsp;&raquo; pour assouvir leur faim&nbsp;? Je demande &agrave; M. Halliday, de Virginie, si la vue de nos visages d&eacute;cav&eacute;s, de nos yeux hagards ne lui fait pas horreur&nbsp;; s&rsquo;il aura le courage d&rsquo;assister plus longtemps &agrave; notre supplice en prolongeant la famine qui d&eacute;chire nos entrailles et en nous offrant le paquet d&rsquo;os que repr&eacute;sente le citoyen en question&nbsp;? Je lui demande s&rsquo;il r&eacute;fl&eacute;chit &agrave; notre triste situation, &agrave; nos angoisses pass&eacute;es, &agrave; notre avenir effroyable&nbsp;; va-t-il persister &agrave; nous jeter en p&acirc;ture cette ruine, cette &eacute;pave, ce vagabond mis&eacute;rable et dess&eacute;ch&eacute;, des rives inhospitali&egrave;res de l&rsquo;Or&eacute;gon&nbsp;? Non&nbsp;! il ne l&rsquo;osera pas&nbsp;! (Applaudissements.)<br /><br />La proposition fut mise aux voix et repouss&eacute;e apr&egrave;s une discussion violente. M. Harris restait d&eacute;sign&eacute;, en conformit&eacute; du premier amendement. Le scrutin fut ouvert. Il y eut cinq tours sans r&eacute;sultat. Au sixi&egrave;me, M. Harris fut &eacute;lu, tous les votes, sauf le sien, s&rsquo;&eacute;tant port&eacute;s sur son nom. Il fut alors propos&eacute; que ce scrutin serait ratifi&eacute; par un vote unanime &agrave; mains lev&eacute;es&nbsp;; mais l&rsquo;unanimit&eacute; ne put &ecirc;tre obtenue, M. Harris votant encore contre lui-m&ecirc;me.<br /><br />M. Radiway proposa alors que l&rsquo;assembl&eacute;e f&icirc;t son choix parmi les derniers candidats, et que l&rsquo;&eacute;lection e&ucirc;t lieu sans faute pour le d&eacute;jeuner. Cette proposition fut accept&eacute;e.<br /><br />Au premier tour, il y eut scission&nbsp;: les uns penchaient en faveur d&rsquo;un candidat r&eacute;put&eacute; tr&egrave;s jeune&nbsp;; les autres lui pr&eacute;f&eacute;raient un autre homme de belle stature. Le vote du pr&eacute;sident fit incliner la balance du c&ocirc;t&eacute; du dernier, M. Messick&nbsp;; mais cette solution d&eacute;plut fortement aux partisans de M. Ferguson, le candidat battu&nbsp;; on songea m&ecirc;me un instant &agrave; demander un nouveau tour de scrutin&nbsp;; bref, tous d&eacute;cid&egrave;rent d&rsquo;ajourner la solution, et la s&eacute;ance fut lev&eacute;e de suite.<br /><br />Les pr&eacute;paratifs du repas d&eacute;tourn&egrave;rent l&rsquo;attention du parti Ferguson et au moment o&ugrave; le fil de la discussion allait reprendre, on annon&ccedil;a en grande pompe que M. Harris &eacute;tait servi. Cette nouvelle produisit un soulagement g&eacute;n&eacute;ral.<br /><br />Les tables furent improvis&eacute;es avec les dossiers de fauteuils des compartiments, et nous nous ass&icirc;mes, la joie au c&oelig;ur, en pensant &agrave; ce r&eacute;gal apr&egrave;s lequel nous soupirions depuis une grande semaine. En quelques instants, nous avions pris une tout autre physionomie. Tout &agrave; l&rsquo;heure le d&eacute;sespoir, la mis&egrave;re, la faim, l&rsquo;angoisse fi&eacute;vreuse, &eacute;taient peints sur nos visages&nbsp;; maintenant une s&eacute;r&eacute;nit&eacute;, une joie indescriptible r&eacute;gnaient parmi nous&nbsp;; nous d&eacute;bordions de bonheur. J&rsquo;avoue m&ecirc;me sans fausse honte que cette heure de soulagement a &eacute;t&eacute; le plus beau moment de ma vie d&rsquo;aventures.<br /><br />Le vent hurlait au dehors et fouettait la neige autour de notre prison, mais nous n&rsquo;en avions plus peur maintenant.</p>', '2019-03-20 23:51:40', '2019-03-20 23:53:29'),
(4, 'CHAPITRE 4', '<p style=\"text-align: justify;\" align=\"justify\">J&rsquo;ai assez aim&eacute; Harris. Il aurait pu &ecirc;tre mieux cuit, sans doute, mais en toute justice, je dois reconna&icirc;tre qu&rsquo;aucun homme ne m&rsquo;agr&eacute;a jamais autant que Harris et ne me procura autant de satisfaction. Messick ne fut pas pr&eacute;cis&eacute;ment mauvais, bien qu&rsquo;un peu trop haut en go&ucirc;t&nbsp;; mais pour la saveur et la d&eacute;licatesse de la chair, parlez-moi de Harris.<br /><br />Messick avait certainement des qualit&eacute;s que je ne lui contesterai pas, mais il ne convenait pas plus pour un petit d&eacute;jeuner qu&rsquo;une momie (ceci soit dit sans vouloir l&rsquo;offenser). Quelle maigreur&nbsp;!! Mon Dieu&nbsp;! Et dur&nbsp;!! Ah&nbsp;! Vous ne vous imaginerez jamais &agrave; quel point il &eacute;tait coriace&nbsp;! Non jamais, jamais&nbsp;!<br /><br />&mdash; Me donnez-vous &agrave; entendre que r&eacute;ellement vous&hellip;&nbsp;?<br /><br />&mdash; Ne m&rsquo;interrompez pas, je vous en prie.<br /><br />Apr&egrave;s ce frugal d&eacute;jeuner, il fallait songer au d&icirc;ner&nbsp;; nous port&acirc;mes notre choix sur un nomm&eacute; Walker, originaire de D&eacute;troit. Il &eacute;tait excellent&nbsp;; je l&rsquo;ai d&rsquo;ailleurs &eacute;crit &agrave; sa femme un peu plus tard. Ce Walker&nbsp;! Je ne l&rsquo;oublierai de ma vie&nbsp;! Quel d&eacute;licieux morceau&nbsp;! Un peu maigre, mais succulent malgr&eacute; cela. Le lendemain, nous nous offr&icirc;mes Morgan de l&rsquo;Alabama pour d&eacute;jeuner. C&rsquo;&eacute;tait un des plus beaux hommes que j&rsquo;aie jamais vus, bien tourn&eacute;, &eacute;l&eacute;gant, distingu&eacute; de mani&egrave;res&nbsp;; il parlait couramment plusieurs langues&nbsp;; bref un gar&ccedil;on accompli, qui nous a fourni un jus plein de saveur. Pour le d&icirc;ner, on nous pr&eacute;para ce vieux patriarche de l&rsquo;Or&eacute;gon. L&agrave;, nous re&ccedil;&ucirc;mes un superbe &laquo;&nbsp;coup de fusil&nbsp;&raquo;&nbsp;; &mdash; vieux, dess&eacute;ch&eacute;, coriace, il fut impossible &agrave; manger. Quelle navrante surprise pour tous&nbsp;! &Agrave; tel point que je finis par d&eacute;clarer &agrave; mes compagnons&nbsp;: &mdash; Messieurs, faites ce que bon vous semble&nbsp;; moi, je pr&eacute;f&egrave;re je&ucirc;ner en attendant meilleure ch&egrave;re.<br /><br />Grimes, de l&rsquo;Illinois, ajouta&nbsp;: &mdash; Messieurs, j&rsquo;attends, moi aussi. Lorsque vous aurez choisi un candidat qui soit &agrave; peu pr&egrave;s &laquo;&nbsp;d&eacute;gustable&nbsp;&raquo;, je serai enchant&eacute; de m&rsquo;asseoir &agrave; votre table.<br /><br />Il devint &eacute;vident que le choix de l&rsquo;homme de l&rsquo;Or&eacute;gon avait provoqu&eacute; le m&eacute;contentement g&eacute;n&eacute;ral. Il fallait &agrave; tout prix ne pas rester sur cette mauvaise impression, surtout apr&egrave;s le bon souvenir que nous avait laiss&eacute; Harris. Le choix se porta donc sur Baker, de G&eacute;orgie.<br /><br />Un fameux morceau celui-l&agrave;&nbsp;! Ensuite, nous nous offr&icirc;mes Doolittle, Hawkins, Mac Elroy, &mdash; ce dernier, trop petit et maigre, nous valut quelques protestations. Apr&egrave;s, d&eacute;fil&egrave;rent Penrol, les deux Smiths et Bailey&nbsp;; ce dernier avec sa jambe de bois nous donna du d&eacute;chet, mais la qualit&eacute; &eacute;tait irr&eacute;prochable&nbsp;; ensuite un jeune Indien, un joueur d&rsquo;orgue de Barbarie, un nomm&eacute; Bukminster, &mdash; pauvre diable de vagabond, d&eacute;charn&eacute;&nbsp;; il &eacute;tait vraiment indigne de figurer &agrave; notre table.<br /><br />Comme consolation d&rsquo;une si maigre pitance, nous pouvons nous dire que ce mauvais d&eacute;jeuner a pr&eacute;c&eacute;d&eacute; de peu notre d&eacute;livrance.&nbsp;&raquo;<br /><br />&mdash; L&rsquo;heure de la d&eacute;livrance sonna donc enfin pour vous&nbsp;?<br /><br />&mdash; Oui, un beau matin, par un beau soleil, au moment o&ugrave; nous venions d&rsquo;inscrire John Murphy sur notre menu. Je vous assure que ce John Murphy devait &ecirc;tre un &laquo;&nbsp;morceau de roi&nbsp;&raquo;&nbsp;; j&rsquo;en mettrais ma main au feu. Le destin voulut que John Murphy s&rsquo;en retourn&acirc;t avec nous dans le train qui vint &agrave; notre secours. Quelque temps apr&egrave;s il &eacute;pousa la veuve de Harris&nbsp;!!&hellip;<br /><br />&mdash; La victime de&hellip;&nbsp;?<br /><br />&mdash; La victime de notre premi&egrave;re &eacute;lection. Il l&rsquo;a &eacute;pous&eacute;e, et maintenant il est tr&egrave;s heureux, tr&egrave;s consid&eacute;r&eacute; et a une excellente situation. Ah&nbsp;! Cette histoire est un vrai roman, je vous assure&nbsp;! Mais me voici arriv&eacute;, monsieur, il faut que je vous quitte. N&rsquo;oubliez pas, lorsque vous aurez quelques instants &agrave; perdre, qu&rsquo;une visite de vous me fera toujours le plus grand plaisir. J&rsquo;&eacute;prouve pour vous une r&eacute;elle sympathie, je dirai m&ecirc;me plus, une sinc&egrave;re affection. Il me semble que je finirais par vous aimer autant que Harris. Adieu monsieur, et bon voyage.&nbsp;<br /><br />Il descendit&nbsp;; je restai l&agrave;, m&eacute;dus&eacute;, abasourdi, presque soulag&eacute; de son d&eacute;part. Malgr&eacute; son affabilit&eacute;, j&rsquo;&eacute;prouvais un certain frisson en sentant se poser sur moi son regard affam&eacute;. Aussi, lorsque j&rsquo;appris qu&rsquo;il m&rsquo;avait vou&eacute; une affection sinc&egrave;re, et qu&rsquo;il me mettait dans son estime sur le m&ecirc;me pied que feu Harris, mon sang se gla&ccedil;a dans mes veines&nbsp;!<br /><br />J&rsquo;&eacute;tais litt&eacute;ralement transi de peur. Je ne pouvais douter de sa v&eacute;racit&eacute;&nbsp;; d&rsquo;autre part il e&ucirc;t &eacute;t&eacute; parfaitement d&eacute;plac&eacute; d&rsquo;interrompre par une question inopportune un r&eacute;cit aussi dramatique, pr&eacute;sent&eacute; sous les auspices de la plus grande sinc&eacute;rit&eacute;. Malgr&eacute; moi, ces horribles d&eacute;tails me poursuivaient et hantaient mon esprit de mille id&eacute;es confuses. Je vis que le conducteur m&rsquo;observait&nbsp;; je lui demandai&nbsp;: Qui est cet homme&nbsp;?<br /><br />J&rsquo;appris qu&rsquo;il faisait autrefois partie du Congr&egrave;s et qu&rsquo;il &eacute;tait un tr&egrave;s brave homme. Un beau jour, pris dans une tourmente de neige et &agrave; deux doigts de mourir de faim, il a &eacute;t&eacute; tellement &eacute;branl&eacute; par le froid et r&eacute;volutionn&eacute;, que deux ou trois mois apr&egrave;s cet incident, il devenait compl&egrave;tement fou. Il va bien maintenant, para&icirc;t-il, mais la monomanie le tient et lorsqu&rsquo;il enfourche son vieux &laquo;&nbsp;dada&nbsp;&raquo;, il ne s&rsquo;arr&ecirc;te qu&rsquo;apr&egrave;s avoir d&eacute;vor&eacute; en pens&eacute;e tous ses camarades de voyage. Tous y auraient certainement pass&eacute;, s&rsquo;il n&rsquo;avait d&ucirc; descendre &agrave; cette station&nbsp;; il sait leurs noms sur le bout de ses doigts. Quand il a fini de les manger tous, il ne manque pas d&rsquo;ajouter&nbsp;: &laquo;&nbsp;L&rsquo;heure du d&eacute;jeuner &eacute;tant arriv&eacute;e, comme il n&rsquo;y avait plus d&rsquo;autres candidats, on me choisit. &Eacute;lu &agrave; l&rsquo;unanimit&eacute; pour le d&eacute;jeuner, je me r&eacute;signai. Et me voil&agrave;.&nbsp;&raquo;<br /><br />C&rsquo;est &eacute;gal&nbsp;! J&rsquo;&eacute;prouvai un fameux soulagement en apprenant que je venais d&rsquo;entendre les &eacute;lucubrations folles d&rsquo;un malheureux d&eacute;s&eacute;quilibr&eacute; et non le r&eacute;cit des prouesses d&rsquo;un cannibale avide de sang.</p>\r\n<p style=\"text-align: justify;\" align=\"justify\">&nbsp;</p>\r\n<p class=\"MsoNormal\" style=\"layout-grid-mode: char; text-autospace: ideograph-numeric; mso-pagination: none; text-align: justify; text-justify: inter-ideograph;\" align=\"justify\">[Cette nouvelle a &eacute;t&eacute; &eacute;crite en 1868&nbsp;par Mark Twain&nbsp;sous le titre \"Cannibalism in the Cars\"]</p>', '2019-03-20 23:56:05', NULL);

-- --------------------------------------------------------

--
-- Structure de la table `users`
--

DROP TABLE IF EXISTS `users`;
CREATE TABLE IF NOT EXISTS `users` (
  `id` int(11) NOT NULL AUTO_INCREMENT,
  `username` varchar(255) NOT NULL,
  `password_hash` varchar(255) NOT NULL,
  PRIMARY KEY (`id`)
) ENGINE=InnoDB AUTO_INCREMENT=4 DEFAULT CHARSET=utf8;

--
-- Déchargement des données de la table `users`
--

INSERT INTO `users` (`id`, `username`, `password_hash`) VALUES
(2, 'Jean', '$2y$10$h9E7TXjom4N7FvSRYsLIFeNq2juGa2isYP56drASsGeasy0xMXA6G'),
(3, 'Nosd', '$2y$10$nC8v6snNlC3apOi5e9rm.uIPns0.DkAfeslsjlGFV9n3RAMfuaD4a');
COMMIT;

/*!40101 SET CHARACTER_SET_CLIENT=@OLD_CHARACTER_SET_CLIENT */;
/*!40101 SET CHARACTER_SET_RESULTS=@OLD_CHARACTER_SET_RESULTS */;
/*!40101 SET COLLATION_CONNECTION=@OLD_COLLATION_CONNECTION */;
